{
  "files": [
    {
      "id": "sOAs2OjXjn",
      "originalName": "IMG-20250227-WA0308.jpg",
      "filePath": "sOAs2OjXjn.jpg",
      "mimeType": "image/jpeg",
      "uploadDate": "2025-02-27T08:51:14.609Z",
      "fileSize": 93334
    },
    {
      "id": "sd0odigFQk",
      "originalName": "IMG-20250227-WA0308.jpg",
      "filePath": "sd0odigFQk.jpg",
      "mimeType": "image/jpeg",
      "uploadDate": "2025-02-27T08:54:56.856Z",
      "fileSize": 93334
    },
    {
      "id": "kHczlAwYl3",
      "originalName": "test.jpg",
      "filePath": "kHczlAwYl3.jpg",
      "mimeType": "image/jpeg",
      "uploadDate": "2025-02-27T08:56:24.071Z",
      "fileSize": 51
    },
    {
      "id": "1Ca0ZQBpMU",
      "originalName": "test.jpg",
      "filePath": "1Ca0ZQBpMU.jpg",
      "mimeType": "image/jpeg",
      "uploadDate": "2025-02-27T08:57:29.167Z",
      "fileSize": 51
    },
    {
      "id": "AA0mUHqIx-",
      "originalName": "IMG-20250227-WA0308.jpg",
      "filePath": "AA0mUHqIx-.jpg",
      "mimeType": "image/jpeg",
      "uploadDate": "2025-02-27T09:08:50.364Z",
      "fileSize": 93334
    }
  ]
}